c,Jn,Jn,I,I,pړIڍ
POOPciPOKj,2025/04/14,08:30,2025/04/14,17:00,~
POOPciPOKj,2025/04/15,08:30,2025/04/15,17:00,~
POOPciPOKj,2025/04/19,00:00,2025/04/19,24:00,~
POOPciPOKj,2025/04/21,08:30,2025/04/21,17:00,~
POOPciPOKj,2025/04/22,08:30,2025/04/22,17:00,~
POOPciPOKj,2025/04/23,08:30,2025/04/23,17:00,~
POOPciPOKj,2025/04/24,08:30,2025/04/24,17:00,~
POOPciPOKj,2025/04/25,00:00,2025/04/25,24:00,~
POOPciPOKj,2025/04/26,00:00,2025/04/26,24:00,~
POOPciPOKj,2025/05/08,00:00,2025/05/08,24:00,~
POOPciPOKj,2025/05/09,08:30,2025/05/09,17:00,~
POOPciPOKj,2025/05/12,09:00,2025/05/12,17:00,~
POOPciPOKj,2025/05/13,09:00,2025/05/13,12:00,~
POOPciPOKj,2025/05/13,12:00,2025/05/13,17:00,~
POOPciPOKj,2025/05/14,08:00,2025/05/14,13:30,~
POOPciPOKj,2025/05/14,13:30,2025/05/14,15:30,~
POOPciPOKj,2025/05/14,15:30,2025/05/14,17:30,~
POOQciPOKj,2025/04/14,08:30,2025/04/14,17:00,~
POOQciPOKj,2025/04/15,08:30,2025/04/15,17:00,~
POOQciPOKj,2025/04/19,00:00,2025/04/19,24:00,~
POOQciPOKj,2025/04/21,08:30,2025/04/21,17:00,~
POOQciPOKj,2025/04/22,08:30,2025/04/22,17:00,~
POOQciPOKj,2025/04/23,08:30,2025/04/23,17:00,~
POOQciPOKj,2025/04/24,08:30,2025/04/24,17:00,~
POOQciPOKj,2025/04/25,09:00,2025/04/25,12:00,~
POOQciPOKj,2025/04/25,13:00,2025/04/25,17:00,~
POOQciPOKj,2025/04/26,00:00,2025/04/26,24:00,~
POOQciPOKj,2025/05/08,00:00,2025/05/08,24:00,~
POOQciPOKj,2025/05/09,08:30,2025/05/09,17:00,~
POOQciPOKj,2025/05/12,09:00,2025/05/12,17:00,~
POOQciPOKj,2025/05/13,09:00,2025/05/13,12:00,~
POOQciPOKj,2025/05/13,12:00,2025/05/13,17:00,~
POOQciPOKj,2025/05/14,08:30,2025/05/14,17:00,~
POORciPOKj,2025/04/14,08:30,2025/04/14,17:00,~
POORciPOKj,2025/04/15,08:30,2025/04/15,17:00,~
POORciPOKj,2025/04/19,00:00,2025/04/19,24:00,~
POORciPOKj,2025/04/21,08:30,2025/04/21,17:00,~
POORciPOKj,2025/04/22,08:30,2025/04/22,17:00,~
POORciPOKj,2025/04/23,08:30,2025/04/23,17:00,~
POORciPOKj,2025/04/24,08:30,2025/04/24,17:00,~
POORciPOKj,2025/04/25,13:00,2025/04/25,17:00,~
POORciPOKj,2025/04/26,00:00,2025/04/26,24:00,~
POORciPOKj,2025/05/09,08:30,2025/05/09,17:00,~
POORciPOKj,2025/05/12,09:00,2025/05/12,17:00,~
POORciPOKj,2025/05/13,09:00,2025/05/13,12:00,~
POORciPOKj,2025/05/13,12:00,2025/05/13,17:00,~
POORciPOKj,2025/05/14,09:00,2025/05/14,16:00,~
UOPciUKj,2025/04/14,09:00,2025/04/14,17:00,~
UOPciUKj,2025/04/15,08:30,2025/04/15,17:00,~
UOPciUKj,2025/04/16,09:00,2025/04/16,17:00,~
UOPciUKj,2025/04/17,10:00,2025/04/17,12:00,~
UOPciUKj,2025/04/21,00:00,2025/04/21,24:00,~
UOPciUKj,2025/04/22,09:00,2025/04/22,14:00,~
UOPciUKj,2025/04/23,14:00,2025/04/23,17:00,~
UOPciUKj,2025/04/24,08:30,2025/04/24,17:15,~
UOPciUKj,2025/04/25,09:00,2025/04/25,17:00,~
UOPciUKj,2025/04/30,08:30,2025/04/30,12:00,~
UOPciUKj,2025/05/01,09:30,2025/05/01,12:00,~
UOPciUKj,2025/05/08,09:30,2025/05/08,12:00,~
UOPciUKj,2025/05/08,13:30,2025/05/08,17:15,~
UOPciUKj,2025/05/09,08:30,2025/05/09,17:00,~
UOPciUKj,2025/05/12,08:30,2025/05/12,17:15,~
UOPciUKj,2025/05/13,10:00,2025/05/13,12:00,~
UOPciUKj,2025/05/13,13:00,2025/05/13,16:00,~
UOPciUKj,2025/05/14,09:00,2025/05/14,12:00,~
TOPciTKj,2025/04/14,08:30,2025/04/14,12:00,~
TOPciTKj,2025/04/14,12:00,2025/04/14,17:00,~
TOPciTKj,2025/04/15,08:30,2025/04/15,17:00,~
TOPciTKj,2025/04/15,17:00,2025/04/15,17:15,~
TOPciTKj,2025/04/16,10:00,2025/04/16,12:00,~
TOPciTKj,2025/04/16,13:00,2025/04/16,15:30,~
TOPciTKj,2025/04/17,11:00,2025/04/17,12:00,~
TOPciTKj,2025/04/18,08:30,2025/04/18,12:00,~
TOPciTKj,2025/04/18,13:00,2025/04/18,15:00,~
TOPciTKj,2025/04/21,09:00,2025/04/21,17:00,~
TOPciTKj,2025/04/22,09:00,2025/04/22,12:00,~
TOPciTKj,2025/04/24,08:30,2025/04/24,17:15,~
TOPciTKj,2025/04/25,08:30,2025/04/25,12:00,~
TOPciTKj,2025/04/25,14:00,2025/04/25,16:00,~
TOPciTKj,2025/04/28,08:30,2025/04/28,17:00,~
TOPciTKj,2025/04/30,08:30,2025/04/30,12:00,~
TOPciTKj,2025/05/01,13:00,2025/05/01,17:15,~
TOPciTKj,2025/05/02,08:30,2025/05/02,17:00,~
TOPciTKj,2025/05/07,10:30,2025/05/07,12:00,~
TOPciTKj,2025/05/08,13:30,2025/05/08,15:30,~
TOPciTKj,2025/05/09,09:00,2025/05/09,17:00,~
TOPciTKj,2025/05/12,08:30,2025/05/12,12:00,~
TOPciTKj,2025/05/12,12:00,2025/05/12,17:00,~
TOPciTKj,2025/05/13,08:30,2025/05/13,17:00,~
TOPciTKj,2025/05/14,08:30,2025/05/14,17:00,~
QOPciQKj,2025/04/14,08:30,2025/04/14,17:00,~
QOPciQKj,2025/04/15,08:30,2025/04/15,17:00,~
QOPciQKj,2025/04/16,08:30,2025/04/16,12:00,~
QOPciQKj,2025/04/16,12:30,2025/04/16,17:00,~
QOPciQKj,2025/04/17,09:00,2025/04/17,12:00,~
QOPciQKj,2025/04/18,13:00,2025/04/18,17:00,~
QOPciQKj,2025/04/21,00:00,2025/04/21,24:00,~
QOPciQKj,2025/04/23,12:00,2025/04/23,16:00,~
QOPciQKj,2025/04/24,00:00,2025/04/24,24:00,~
QOPciQKj,2025/04/25,08:30,2025/04/25,17:15,~
QOPciQKj,2025/04/26,00:00,2025/04/26,24:00,~
QOPciQKj,2025/05/08,13:00,2025/05/08,17:00,~
QOPciQKj,2025/05/09,13:00,2025/05/09,16:00,~
QOPciQKj,2025/05/12,13:00,2025/05/12,17:00,~
QOPciQKj,2025/05/13,10:00,2025/05/13,17:00,~
QOPciQKj,2025/05/14,10:00,2025/05/14,17:00,~
QOQciQKj,2025/04/14,08:30,2025/04/14,17:00,~
QOQciQKj,2025/04/15,08:30,2025/04/15,17:00,~
QOQciQKj,2025/04/16,08:30,2025/04/16,12:00,~
QOQciQKj,2025/04/16,12:30,2025/04/16,17:00,~
QOQciQKj,2025/04/18,13:00,2025/04/18,17:00,~
QOQciQKj,2025/04/21,00:00,2025/04/21,24:00,~
QOQciQKj,2025/04/22,13:00,2025/04/22,17:00,~
QOQciQKj,2025/04/23,15:00,2025/04/23,17:00,~
QOQciQKj,2025/04/24,00:00,2025/04/24,24:00,~
QOQciQKj,2025/04/25,08:30,2025/04/25,17:15,~
QOQciQKj,2025/04/26,00:00,2025/04/26,24:00,~
QOQciQKj,2025/05/08,13:00,2025/05/08,17:00,~
QOQciQKj,2025/05/13,10:00,2025/05/13,17:00,~
QOQciQKj,2025/05/14,10:00,2025/05/14,17:00,~
QORikjciQKj,2025/04/14,13:00,2025/04/14,15:00,~
QORikjciQKj,2025/04/26,00:00,2025/04/26,24:00,~
QORijciQKj,2025/04/15,08:30,2025/04/15,17:00,~
QORijciQKj,2025/04/17,13:00,2025/04/17,15:00,~
QORijciQKj,2025/04/25,13:00,2025/04/25,17:00,~
QORijciQKj,2025/04/26,00:00,2025/04/26,24:00,~
QORijciQKj,2025/05/08,10:30,2025/05/08,12:00,~
QOSciQKj,2025/04/14,10:00,2025/04/14,16:00,~
QOSciQKj,2025/04/15,08:30,2025/04/15,17:00,~
QOSciQKj,2025/04/16,09:00,2025/04/16,12:00,~
QOSciQKj,2025/04/17,13:00,2025/04/17,17:00,~
QOSciQKj,2025/04/23,13:15,2025/04/23,17:15,~
QOSciQKj,2025/04/24,08:30,2025/04/24,17:15,~
QOSciQKj,2025/04/25,08:30,2025/04/25,17:15,~
QOSciQKj,2025/04/26,00:00,2025/04/26,24:00,~
QOSciQKj,2025/04/30,10:00,2025/04/30,17:00,~
QOSciQKj,2025/05/09,09:00,2025/05/09,12:00,~
QOSciQKj,2025/05/12,13:00,2025/05/12,15:00,~
QOSciQKj,2025/05/13,13:00,2025/05/13,17:00,~
QOSciQKj,2025/05/14,09:00,2025/05/14,12:00,~
QOSciQKj,2025/05/14,13:15,2025/05/14,17:15,~
